-- phpMyAdmin SQL Dump
-- version 5.1.0
-- https://www.phpmyadmin.net/
--
-- Host: localhost:8889
-- Generation Time: Oct 16, 2022 at 12:06 PM
-- Server version: 5.7.34
-- PHP Version: 7.4.21

SET SQL_MODE = "NO_AUTO_VALUE_ON_ZERO";
START TRANSACTION;
SET time_zone = "+00:00";


/*!40101 SET @OLD_CHARACTER_SET_CLIENT=@@CHARACTER_SET_CLIENT */;
/*!40101 SET @OLD_CHARACTER_SET_RESULTS=@@CHARACTER_SET_RESULTS */;
/*!40101 SET @OLD_COLLATION_CONNECTION=@@COLLATION_CONNECTION */;
/*!40101 SET NAMES utf8mb4 */;

--
-- Database: `db_innovillage`
--

-- --------------------------------------------------------

--
-- Table structure for table `tb_admin`
--

CREATE TABLE `tb_admin` (
  `id_admin` int(11) NOT NULL,
  `nama` varchar(20) NOT NULL,
  `username` varchar(20) NOT NULL,
  `password` longtext NOT NULL,
  `password_deskripsi` varchar(15) NOT NULL
) ENGINE=InnoDB DEFAULT CHARSET=utf8mb4;

--
-- Dumping data for table `tb_admin`
--

INSERT INTO `tb_admin` (`id_admin`, `nama`, `username`, `password`, `password_deskripsi`) VALUES
(1, 'Asep Mustopa', 'Tantram.id', '3ed4a26470c79561e32eb47e3f53d102', 'tantram.idjaya');

-- --------------------------------------------------------

--
-- Table structure for table `tb_alat`
--

CREATE TABLE `tb_alat` (
  `id_alat` int(11) NOT NULL,
  `suara` int(11) NOT NULL,
  `kode_alat` varchar(100) NOT NULL,
  `sandi_alat` longtext NOT NULL,
  `sandi_alat_deskripsi` varchar(12) NOT NULL,
  `lokasi` longtext NOT NULL
) ENGINE=InnoDB DEFAULT CHARSET=utf8mb4;

--
-- Dumping data for table `tb_alat`
--

INSERT INTO `tb_alat` (`id_alat`, `suara`, `kode_alat`, `sandi_alat`, `sandi_alat_deskripsi`, `lokasi`) VALUES
(1, 0, 'ALAT01', '7b391dd74bcae33682725aa62550461f', 'sandi011', 'Jalan Bantarsuling12q'),
(2, 1, 'ALAT02', '59749aae3378ab419bc746048b1ca9ca', 'sandi02', 'Jalan Tasikmalaya3'),
(3, 0, 'ALAT03', '2b25fa4751379892ab56a4019466c8f7', 'sandi03', 'Jalan Mangkubumi'),
(4, 0, 'ALAT04', 'e13cb5877ec66cd2e875bd817e4a11ab', 'sandi04', 'Jalan Pangandaran'),
(5, 0, '345345', 'fcea920f7412b5da7be0cf42b8c93759', '1234567', '1234567'),
(6, 0, 'hello', '55b7e8b895d047537e672250dd781555', 'dani', 'dani'),
(7, 0, 'ALAT09', '810a557e7accfdcef55654d8ed57939c', 'sandi01', 'Jalan Bantarsuling12'),
(8, 0, 'ALAT0100', '810a557e7accfdcef55654d8ed57939c', 'sandi01', 'Jalan Bantarsuling1');

-- --------------------------------------------------------

--
-- Table structure for table `tb_anak`
--

CREATE TABLE `tb_anak` (
  `id` int(11) NOT NULL,
  `kode_anak` varchar(255) NOT NULL,
  `nama_anak` varchar(255) NOT NULL,
  `tanggal_lahir` date NOT NULL,
  `berat_badan` int(11) NOT NULL,
  `tinggi_badan` int(5) NOT NULL,
  `lingkar_lengan` int(5) NOT NULL,
  `lingkar_kepala` int(5) NOT NULL,
  `nama_ayah` varchar(50) NOT NULL,
  `nama_ibu` varchar(50) NOT NULL,
  `kode_alat_posyandu` varchar(50) NOT NULL
) ENGINE=InnoDB DEFAULT CHARSET=utf8;

--
-- Dumping data for table `tb_anak`
--

INSERT INTO `tb_anak` (`id`, `kode_anak`, `nama_anak`, `tanggal_lahir`, `berat_badan`, `tinggi_badan`, `lingkar_lengan`, `lingkar_kepala`, `nama_ayah`, `nama_ibu`, `kode_alat_posyandu`) VALUES
(1, '001', 'Dani Hidayat 2', '2022-10-06', 21, 21, 21, 21, 'Udin', 'icih', 'ALAT01'),
(3, '00001', 'Adam', '2022-10-10', 4, 29, 3, 2, 'ysmael', 'Maria', 'ALAT02');

-- --------------------------------------------------------

--
-- Table structure for table `tb_sensor`
--

CREATE TABLE `tb_sensor` (
  `id_sensor` int(11) NOT NULL,
  `id_alat` int(11) NOT NULL,
  `waktu` datetime NOT NULL,
  `ph` float NOT NULL,
  `moisture` float NOT NULL
) ENGINE=InnoDB DEFAULT CHARSET=utf8mb4;

--
-- Dumping data for table `tb_sensor`
--

INSERT INTO `tb_sensor` (`id_sensor`, `id_alat`, `waktu`, `ph`, `moisture`) VALUES
(1703, 1, '2021-11-10 10:04:59', 5.42, 597),
(1704, 2, '2021-11-10 10:05:13', 4.42, 532),
(1705, 1, '2021-11-11 10:05:27', 5.42, 1021),
(1706, 2, '2021-11-11 10:05:41', 4.2, 1022),
(1707, 3, '2021-11-11 10:05:55', 4, 1021),
(1708, 4, '2021-11-11 10:06:09', 5.2, 596),
(1709, 1, '2021-11-12 10:06:24', 6.24, 1022),
(1711, 2, '2021-11-12 10:06:52', 4.46, 1021),
(1712, 3, '2021-11-12 10:07:06', 7, 529),
(1714, 4, '2021-11-12 10:07:34', 8, 1022),
(1715, 1, '2021-11-13 10:07:48', 5.49, 597),
(1716, 2, '2021-11-13 10:08:02', 9.42, 1021),
(1717, 3, '2021-11-13 10:08:17', 6.42, 598),
(1719, 4, '2021-11-13 10:08:45', 5.42, 1021),
(1721, 1, '2021-11-14 10:09:13', 5.49, 1021),
(1726, 2, '2021-11-14 10:10:24', 9.42, 1022),
(1727, 3, '2021-11-14 10:10:38', 6.42, 595),
(1729, 4, '2021-11-14 10:11:06', 5.42, 1020),
(1730, 1, '2021-11-09 10:11:20', 9, 1021),
(1731, 1, '2021-11-15 10:11:35', 5.49, 594),
(1733, 1, '2021-11-18 10:12:03', 9.42, 1022),
(1734, 2, '2021-11-18 10:12:17', 6.42, 595),
(1736, 3, '2021-11-18 10:12:45', 5.42, 1021),
(1737, 4, '2021-11-18 10:12:59', 5.49, 596),
(1739, 2, '2021-11-19 10:13:27', 5.42, 1021),
(1740, 3, '2021-11-19 10:13:42', 5.42, 595),
(1742, 4, '2021-11-19 10:14:10', 5.42, 1021),
(1743, 1, '2021-11-11 10:14:24', 5.49, 596),
(1744, 1, '2021-11-11 10:14:38', 9.42, 1022),
(1745, 1, '2021-11-11 10:14:52', 6.42, 1022),
(1746, 1, '2021-11-11 10:15:06', 5.42, 651),
(1747, 1, '2021-11-11 10:15:21', 5.49, 596),
(1748, 1, '2021-11-11 10:15:35', 5.42, 652),
(1749, 1, '2021-11-11 10:15:49', 5.42, 1022),
(1750, 1, '2021-11-11 10:16:04', 5.42, 595),
(1751, 1, '2021-11-11 10:17:18', 5.49, 1022),
(1752, 1, '2021-11-11 10:17:28', 5.42, 1021),
(1753, 1, '2021-11-11 10:17:42', 5.42, 652),
(1754, 1, '2021-11-11 10:17:56', 5.35, 591),
(1755, 1, '2021-11-11 10:18:10', 5.35, 1022),
(1756, 1, '2021-11-11 10:20:20', 5.42, 583),
(1757, 1, '2021-11-11 10:21:48', 5.35, 1021),
(1758, 1, '2021-11-11 10:21:56', 5.42, 1021),
(1759, 1, '2021-11-11 10:24:23', 5.35, 579),
(1761, 1, '2021-11-11 10:24:46', 5.21, 1021),
(1762, 1, '2021-11-11 10:25:00', 5.21, 650),
(1763, 1, '2021-11-11 10:25:14', 5.21, 650),
(1764, 1, '2021-11-11 10:25:28', 5.28, 650),
(1765, 1, '2021-11-11 10:25:43', 5.21, 566),
(1766, 1, '2021-11-11 10:25:57', 5.21, 567),
(1767, 1, '2021-11-11 10:26:11', 5.21, 564),
(1768, 1, '2021-11-11 10:26:25', 5.21, 650),
(1769, 1, '2021-11-11 10:26:39', 0.21, 567),
(1770, 1, '2021-11-11 10:27:07', 5.21, 577),
(1771, 1, '2021-11-11 10:27:22', 5.21, 758),
(1773, 1, '2021-11-11 10:27:50', 5.14, 576),
(1774, 1, '2021-11-11 10:28:04', 5.21, 649),
(1775, 1, '2021-11-11 10:28:18', 5.21, 565),
(1776, 1, '2021-11-11 10:28:32', 5.14, 649),
(1777, 1, '2021-11-11 10:28:46', 5.28, 565),
(1778, 1, '2021-11-11 10:29:01', 5.14, 649),
(1779, 1, '2021-11-11 10:29:15', 5.21, 564),
(1780, 1, '2021-11-11 10:29:29', 5.07, 564),
(1781, 1, '2021-11-11 10:29:43', 5.07, 648),
(1782, 1, '2021-11-11 10:29:57', 5.07, 564),
(1783, 1, '2021-11-11 10:30:11', 5.07, 757),
(1784, 1, '2021-11-11 10:30:25', 5.07, 564),
(1785, 1, '2021-11-11 10:30:40', 5.07, 649),
(1786, 1, '2021-11-11 10:30:54', 5.07, 757),
(1788, 1, '2021-11-11 10:31:22', 5.07, 649),
(1789, 1, '2021-11-11 10:31:36', 5.07, 756),
(1790, 1, '2021-11-11 10:31:50', 5.07, 566),
(1791, 1, '2021-11-11 10:32:04', 5.01, 648),
(1792, 1, '2021-11-11 10:32:19', 5.01, 756),
(1793, 1, '2021-11-11 10:32:33', 5.01, 756),
(1794, 1, '2021-11-11 10:32:47', 5.01, 756),
(1795, 1, '2021-11-11 10:33:01', 5.01, 756),
(1797, 1, '2021-11-11 10:33:43', 4.94, 562),
(1799, 1, '2021-11-11 10:34:12', 4.94, 648),
(1800, 1, '2021-11-11 10:34:26', 4.94, 490),
(1801, 1, '2021-11-11 10:34:40', 4.94, 476),
(1802, 1, '2021-11-11 10:34:54', 5.42, 488),
(1803, 1, '2021-11-11 10:35:08', 4.42, 564),
(1804, 1, '2021-11-11 10:35:22', 5.42, 754),
(1805, 1, '2021-11-11 10:35:36', 4.2, 490),
(1806, 1, '2021-11-11 10:35:50', 4, 754),
(1807, 1, '2021-11-11 10:36:05', 5.2, 480),
(1808, 1, '2021-11-11 10:36:19', 6.24, 480),
(1810, 1, '2021-11-11 10:36:47', 4.46, 560),
(1811, 1, '2021-11-11 10:37:01', 7, 480),
(1812, 1, '2021-11-11 10:37:15', 8, 478),
(1813, 1, '2021-11-11 10:37:29', 5.49, 489),
(1815, 1, '2021-11-11 10:37:58', 9.42, 561),
(1816, 1, '2021-11-11 10:38:12', 6.42, 527),
(1817, 1, '2021-11-11 10:38:26', 5.42, 753),
(1818, 1, '2021-11-11 10:38:40', 5.49, 562),
(1819, 1, '2021-11-11 10:40:48', 9.42, 754),
(1820, 1, '2021-11-11 10:42:21', 6.42, 753),
(1821, 1, '2021-11-11 10:44:55', 5.42, 752),
(1822, 1, '2021-11-11 10:45:16', 9, 752),
(1823, 1, '2021-11-11 10:49:42', 5.49, 484),
(1824, 1, '2021-11-11 10:56:20', 9.42, 528),
(1825, 1, '2021-11-11 10:56:49', 6.42, 478),
(1826, 1, '2021-11-11 10:57:09', 5.42, 491),
(1827, 1, '2021-11-11 10:58:57', 5.49, 1022),
(1828, 1, '2021-11-11 11:04:53', 5.42, 1021),
(1829, 1, '2021-11-11 11:05:01', 5.42, 1021),
(1830, 1, '2021-11-11 11:05:15', 5.42, 1020),
(1831, 1, '2021-11-11 11:05:29', 5.49, 643),
(1832, 1, '2021-11-11 11:05:44', 9.42, 560),
(1833, 1, '2021-11-11 11:05:58', 6.42, 559),
(1834, 1, '2021-11-11 11:06:12', 5.42, 559),
(1835, 1, '2021-11-11 11:06:26', 5.49, 642),
(1836, 1, '2021-11-11 11:06:40', 5.42, 643),
(1837, 1, '2021-11-11 11:06:54', 5.42, 642),
(1838, 1, '2021-11-11 11:07:08', 5.42, 642),
(1839, 1, '2021-11-11 11:07:22', 5.49, 643),
(1840, 1, '2021-11-11 11:07:37', 5.42, 642),
(1841, 1, '2021-11-11 11:07:51', 5.42, 643),
(1842, 1, '2021-11-11 11:08:06', 5.35, 642),
(1843, 1, '2021-11-11 11:08:19', 5.35, 1021),
(1844, 1, '2021-11-11 11:08:33', 5.42, 642),
(1845, 1, '2021-11-11 11:08:47', 5.35, 642),
(1846, 1, '2021-11-11 11:09:01', 5.42, 642),
(1847, 1, '2021-11-11 11:09:16', 5.35, 552),
(1848, 1, '2021-11-11 11:09:30', 5.21, 551),
(1849, 1, '2021-11-11 11:09:44', 5.21, 642),
(1850, 1, '2021-11-11 11:09:58', 5.21, 642),
(1851, 1, '2021-11-11 11:10:12', 5.28, 643),
(1852, 1, '2021-11-11 11:10:26', 5.21, 552),
(1853, 1, '2021-11-11 11:10:40', 5.21, 553),
(1854, 1, '2021-11-11 11:10:55', 5.21, 641),
(1855, 1, '2021-11-11 11:11:09', 5.21, 554),
(1856, 1, '2021-11-11 11:11:23', 0.21, 553),
(1857, 1, '2021-11-11 11:11:37', 5.21, 641),
(1858, 1, '2021-11-11 11:11:51', 5.21, 642),
(1859, 1, '2021-11-11 11:12:05', 5.14, 554),
(1860, 1, '2021-11-11 11:12:19', 5.21, 553),
(1861, 1, '2021-11-11 11:12:33', 5.21, 555),
(1862, 1, '2021-11-11 11:12:48', 5.14, 556),
(1863, 1, '2021-11-11 11:13:02', 5.28, 554),
(1864, 1, '2021-11-11 11:13:16', 5.14, 642),
(1865, 1, '2021-11-11 11:13:30', 5.21, 555),
(1866, 1, '2021-11-11 11:13:44', 5.07, 552),
(1867, 1, '2021-11-11 11:13:58', 5.07, 743),
(1868, 1, '2021-11-11 11:14:12', 5.07, 554),
(1869, 1, '2021-11-11 11:14:27', 5.07, 742),
(1870, 1, '2021-11-11 11:14:41', 5.07, 552),
(1871, 1, '2021-11-11 11:14:55', 5.07, 553),
(1872, 1, '2021-11-11 11:15:09', 5.07, 641),
(1873, 1, '2021-11-11 11:15:23', 5.07, 555),
(1874, 1, '2021-11-11 11:15:37', 5.07, 742),
(1875, 1, '2021-11-11 11:15:51', 5.07, 742),
(1876, 1, '2021-11-11 11:16:05', 5.01, 742),
(1877, 1, '2021-11-11 11:16:20', 5.01, 742),
(1878, 1, '2021-11-11 11:16:34', 5.01, 552),
(1879, 1, '2021-11-11 11:16:48', 5.01, 741),
(1880, 1, '2021-11-11 11:17:02', 5.01, 640),
(1881, 1, '2021-11-11 11:17:16', 4.94, 741),
(1882, 1, '2021-11-11 11:17:30', 4.94, 741),
(1883, 1, '2021-11-11 11:17:44', 4.94, 741),
(1884, 1, '2021-11-11 11:17:59', 4.94, 741),
(1885, 1, '2021-11-11 11:18:13', 5.14, 741),
(1886, 1, '2021-11-11 11:18:27', 5.21, 741),
(1887, 1, '2021-11-11 11:18:41', 5.21, 740),
(1888, 1, '2021-11-11 11:18:55', 5.14, 740),
(1889, 1, '2021-11-11 11:19:09', 5.28, 480),
(1890, 1, '2021-11-11 11:19:23', 5.14, 553),
(1891, 1, '2021-11-11 11:19:38', 5.21, 476),
(1892, 1, '2021-11-11 11:19:52', 5.07, 476),
(1893, 1, '2021-11-11 11:20:06', 5.07, 740),
(1894, 1, '2021-11-11 11:20:20', 5.07, 553),
(1895, 1, '2021-11-11 11:20:34', 5.07, 554),
(1896, 1, '2021-11-11 11:20:48', 5.07, 740),
(1897, 1, '2021-11-11 11:21:02', 5.07, 739),
(1898, 1, '2021-11-11 11:21:16', 5.07, 739),
(1899, 1, '2021-11-11 11:21:31', 5.07, 473),
(1900, 1, '2021-11-11 11:21:45', 5.07, 482),
(1901, 1, '2021-11-11 11:21:59', 5.07, 552),
(1902, 1, '2021-11-11 11:22:13', 5.01, 553),
(1903, 1, '2021-11-11 11:22:27', 5.01, 482),
(1904, 1, '2021-11-11 11:22:41', 5.01, 555),
(1905, 1, '2021-11-11 11:22:55', 5.01, 471),
(1906, 1, '2021-11-11 11:23:10', 5.01, 474),
(1907, 1, '2021-11-11 11:23:24', 4.94, 480),
(1908, 1, '2021-11-11 11:23:38', 4.94, 554),
(1909, 1, '2021-11-11 11:23:52', 4.94, 739),
(1910, 1, '2021-11-11 11:24:06', 4.94, 483),
(1911, 1, '2021-11-11 11:24:20', 5.14, 521),
(1912, 1, '2021-11-11 11:24:34', 5.21, 556),
(1913, 1, '2021-11-11 11:24:49', 5.21, 521),
(1914, 1, '2021-11-11 11:25:03', 5.14, 524),
(1915, 1, '2021-11-11 11:25:17', 5.28, 471),
(1916, 1, '2021-11-11 11:25:45', 5.14, 523),
(1917, 1, '2021-11-11 11:25:59', 5.21, 738),
(1918, 1, '2021-11-11 11:26:13', 5.07, 523),
(1919, 1, '2021-11-11 11:26:28', 5.07, 470),
(1920, 1, '2021-11-11 11:26:42', 5.07, 471),
(1921, 1, '2021-11-11 11:26:56', 5.07, 521),
(1922, 1, '2021-11-11 11:27:10', 5.07, 482),
(1923, 1, '2021-11-11 11:27:24', 5.07, 467),
(1924, 1, '2021-11-11 11:27:38', 5.07, 521),
(1925, 1, '2021-11-11 11:27:52', 5.07, 737),
(1926, 1, '2021-11-11 11:28:06', 5.07, 1021),
(1927, 1, '2021-11-11 11:28:21', 5.07, 521),
(1928, 1, '2021-11-11 11:28:35', 5.01, 523),
(1929, 1, '2021-11-11 11:28:49', 5.01, 525),
(1930, 1, '2021-11-11 11:29:03', 5.01, 521),
(1931, 1, '2021-11-11 11:29:17', 5.01, 739),
(1932, 1, '2021-11-11 11:29:31', 5.01, 524),
(1933, 1, '2021-11-11 11:29:45', 4.94, 739),
(1934, 1, '2021-11-11 11:30:00', 4.94, 521),
(1935, 1, '2021-11-11 11:30:14', 4.94, 524),
(1936, 1, '2021-11-11 11:30:28', 4.94, 522),
(1937, 1, '2021-11-11 11:30:42', 5.14, 736),
(1938, 1, '2021-11-11 11:30:56', 5.21, 737),
(1939, 1, '2021-11-11 11:31:10', 5.21, 483),
(1940, 1, '2021-11-11 11:31:24', 5.14, 522),
(1941, 1, '2021-11-11 11:31:38', 5.28, 1022),
(1942, 1, '2021-11-11 11:31:53', 5.14, 469),
(1943, 1, '2021-11-11 11:32:07', 5.21, 522),
(1944, 1, '2021-11-11 11:32:21', 5.07, 1022),
(1945, 1, '2021-11-11 11:32:35', 5.07, 472),
(1946, 1, '2021-11-11 11:32:49', 5.07, 521),
(1947, 1, '2021-11-11 11:33:03', 5.07, 522),
(1948, 1, '2021-11-11 11:33:17', 5.07, 521),
(1949, 1, '2021-11-11 11:33:32', 5.07, 524),
(1950, 1, '2021-11-11 11:33:46', 5.07, 1021),
(1951, 1, '2021-11-11 11:34:00', 5.07, 1021),
(1952, 1, '2021-11-11 11:34:14', 5.07, 470),
(1953, 1, '2021-11-11 11:34:28', 5.07, 1020),
(1954, 1, '2021-11-11 11:34:42', 5.01, 1021),
(1955, 1, '2021-11-11 11:34:56', 5.01, 1021),
(1956, 1, '2021-11-11 11:35:13', 5.01, 1021),
(1957, 1, '2021-11-11 11:35:25', 5.01, 471),
(1958, 1, '2021-11-11 11:35:39', 5.01, 1021),
(1959, 1, '2021-11-11 11:35:53', 4.94, 1021),
(1960, 1, '2021-11-11 11:36:07', 4.94, 1021),
(1961, 1, '2021-11-11 11:36:21', 4.94, 519),
(1962, 1, '2021-11-11 11:36:35', 4.94, 1021),
(1963, 1, '2021-11-11 11:36:49', 5.14, 1020),
(1964, 1, '2021-11-11 11:37:04', 5.21, 1022),
(1965, 1, '2021-11-11 11:37:18', 5.21, 1021),
(1966, 1, '2021-11-11 11:37:32', 5.14, 1021),
(1967, 1, '2021-11-11 11:37:46', 5.28, 1021),
(1968, 1, '2021-11-11 11:38:00', 5.14, 1020),
(1969, 1, '2021-11-11 11:38:14', 5.21, 1022),
(1970, 1, '2021-11-11 11:38:28', 5.07, 1022),
(1971, 1, '2021-11-11 11:38:43', 5.07, 1022),
(1972, 1, '2021-11-11 11:38:58', 5.07, 1021),
(1973, 1, '2021-11-11 11:39:15', 5.07, 521),
(1974, 1, '2021-11-11 11:39:25', 5.07, 1021),
(1975, 1, '2021-11-11 11:44:05', 5.07, 1021),
(1976, 1, '2021-11-11 11:44:36', 5.07, 1021),
(1977, 1, '2021-11-11 11:44:50', 5.07, 636),
(1978, 1, '2021-11-11 11:45:04', 5.07, 1021),
(1979, 1, '2021-11-11 11:45:18', 5.07, 569),
(1980, 1, '2021-11-11 11:45:33', 5.01, 568),
(1981, 1, '2021-11-11 11:45:47', 5.01, 566),
(1982, 1, '2021-11-11 11:46:01', 5.01, 566),
(1983, 1, '2021-11-11 11:46:15', 5.01, 565),
(1985, 1, '2021-11-11 11:46:43', 5.01, 1020),
(1986, 1, '2021-11-11 11:46:57', 4.94, 565),
(1987, 1, '2021-11-11 11:47:12', 4.94, 635),
(1988, 1, '2021-11-11 11:47:26', 4.94, 564),
(1989, 1, '2021-11-11 11:47:40', 4.94, 565),
(1990, 1, '2021-11-11 11:47:54', 5.14, 636),
(1993, 1, '2021-11-11 11:48:36', 5.21, 1021),
(1994, 1, '2021-11-11 11:48:50', 5.21, 635),
(1995, 1, '2021-11-11 11:49:05', 5.14, 563),
(1996, 1, '2021-11-11 11:49:19', 5.28, 1020),
(1997, 1, '2021-11-11 11:49:33', 5.14, 635),
(1998, 1, '2021-11-11 11:49:47', 5.21, 635),
(1999, 1, '2021-11-11 11:50:01', 5.07, 634),
(2000, 1, '2021-11-11 11:50:15', 5.07, 560),
(2002, 1, '2021-11-11 11:50:44', 5.07, 1021),
(2004, 1, '2021-11-11 11:51:12', 5.07, 1021),
(2005, 1, '2021-11-11 11:51:26', 5.07, 634),
(2006, 1, '2021-11-11 11:51:40', 5.07, 634),
(2007, 1, '2021-11-11 11:51:54', 5.07, 634),
(2009, 1, '2021-11-11 11:52:23', 5.07, 1021),
(2011, 1, '2021-11-11 11:52:51', 5.07, 1021),
(2012, 1, '2021-11-11 11:53:05', 5.07, 634),
(2013, 1, '2021-11-11 11:53:19', 5.01, 634),
(2015, 1, '2021-11-11 11:53:47', 5.01, 559),
(2016, 1, '2021-11-11 11:54:02', 5.01, 634),
(2017, 1, '2021-11-11 11:54:16', 5.01, 552),
(2018, 1, '2021-11-11 11:54:30', 5.01, 551),
(2019, 1, '2021-11-11 11:54:44', 4.94, 551),
(2020, 1, '2021-11-11 11:54:58', 4.94, 559),
(2021, 1, '2021-11-11 11:55:12', 4.94, 552),
(2023, 1, '2021-11-11 11:55:40', 4.94, 560),
(2024, 1, '2021-11-11 11:55:55', 5.14, 552),
(2025, 1, '2021-11-11 11:56:09', 5.21, 552),
(2026, 1, '2021-11-11 11:56:23', 5.21, 634),
(2027, 1, '2021-11-11 11:56:37', 5.14, 729),
(2029, 1, '2021-11-11 11:57:05', 5.28, 559),
(2030, 1, '2021-11-11 11:57:19', 5.14, 554),
(2031, 1, '2021-11-11 11:57:34', 5.21, 559),
(2032, 1, '2021-11-11 11:57:48', 5.07, 553),
(2033, 1, '2021-11-11 11:58:02', 5.07, 553),
(2037, 1, '2021-11-11 11:58:58', 5.07, 634),
(2038, 1, '2021-11-11 11:59:13', 5.07, 553),
(2039, 1, '2021-11-11 11:59:27', 5.07, 553),
(2040, 1, '2021-11-11 11:59:41', 5.07, 728),
(2042, 1, '2021-11-11 12:00:09', 5.07, 552),
(2043, 1, '2021-11-11 12:00:37', 5.07, 633),
(2044, 1, '2021-11-11 12:00:54', 5.07, 633),
(2045, 1, '2021-11-11 12:01:06', 5.07, 633),
(2046, 1, '2021-11-11 12:01:20', 5.01, 634),
(2047, 1, '2021-11-11 12:01:34', 5.01, 728),
(2048, 1, '2021-11-11 12:01:48', 5.01, 729),
(2050, 1, '2021-11-11 12:02:16', 5.01, 633),
(2051, 1, '2021-11-11 12:02:30', 5.01, 728),
(2052, 1, '2021-11-11 12:02:45', 4.94, 633),
(2053, 1, '2021-11-11 12:02:59', 4.94, 727),
(2054, 1, '2021-11-11 12:03:13', 4.94, 727),
(2055, 1, '2021-11-11 12:03:27', 4.94, 727),
(2057, 1, '2021-11-11 12:03:55', 5.14, 632),
(2058, 1, '2021-11-11 12:04:09', 5.21, 554),
(2059, 1, '2021-11-11 12:04:23', 5.21, 726),
(2060, 1, '2021-11-11 12:04:38', 5.14, 472),
(2061, 1, '2021-11-11 12:04:52', 5.28, 726),
(2062, 1, '2021-11-11 12:05:06', 5.14, 727),
(2063, 1, '2021-11-11 12:05:20', 5.21, 727),
(2064, 1, '2021-11-11 12:05:34', 5.07, 726),
(2065, 1, '2021-11-11 12:05:48', 5.07, 726),
(2066, 1, '2021-11-11 12:06:02', 5.07, 475),
(2068, 1, '2021-11-11 12:06:31', 5.07, 551),
(2069, 1, '2021-11-11 12:06:45', 5.07, 726),
(2070, 1, '2021-11-11 12:06:59', 5.07, 726),
(2071, 1, '2021-11-11 12:07:13', 5.07, 481),
(2072, 1, '2021-11-11 12:07:27', 5.07, 725),
(2073, 1, '2021-11-11 12:07:41', 5.07, 472),
(2074, 1, '2021-11-11 12:07:56', 5.07, 475),
(2075, 1, '2021-11-11 12:08:10', 5.01, 481),
(2078, 1, '2021-11-11 12:09:06', 5.01, 548),
(2079, 1, '2021-11-11 12:09:20', 5.01, 478),
(2080, 1, '2021-11-11 12:09:34', 5.01, 725),
(2081, 1, '2021-11-11 12:09:49', 5.01, 549),
(2082, 1, '2021-11-11 12:10:03', 4.94, 471),
(2083, 1, '2021-11-11 12:10:17', 4.94, 486),
(2086, 1, '2021-11-11 12:10:59', 4.94, 550),
(2087, 1, '2021-11-11 12:11:14', 4.94, 476),
(2088, 1, '2021-11-11 12:11:28', 5.14, 724),
(2089, 1, '2021-11-11 12:11:42', 5.21, 724),
(2090, 1, '2021-11-11 12:12:24', 5.21, 484),
(2091, 1, '2021-11-11 12:12:38', 5.14, 519),
(2093, 1, '2021-11-11 12:13:07', 5.28, 724),
(2095, 1, '2021-11-11 12:13:35', 5.14, 724),
(2096, 1, '2021-11-11 12:13:49', 5.21, 518),
(2097, 1, '2021-11-11 12:14:03', 5.07, 518),
(2098, 1, '2021-11-11 12:14:17', 5.07, 517),
(2100, 1, '2021-11-11 12:14:45', 5.07, 723),
(2101, 1, '2021-11-11 12:15:00', 5.07, 518),
(2103, 1, '2021-11-11 12:15:28', 5.07, 723),
(2104, 1, '2021-11-11 12:15:42', 5.07, 516),
(2105, 1, '2021-11-11 12:15:56', 5.07, 519),
(2106, 1, '2021-11-11 12:16:10', 5.07, 516),
(2107, 1, '2021-11-11 12:16:24', 5.07, 517),
(2109, 1, '2021-11-11 12:17:07', 5.07, 475),
(2111, 1, '2021-11-11 12:17:35', 5.01, 468),
(2112, 1, '2021-11-11 12:17:49', 5.01, 519),
(2113, 1, '2021-11-11 12:18:03', 5.01, 519),
(2114, 1, '2021-11-11 12:18:18', 5.01, 1020),
(2115, 1, '2021-11-11 12:18:32', 5.01, 1021),
(2116, 1, '2021-11-11 12:18:46', 4.94, 476),
(2117, 1, '2021-11-11 12:19:00', 4.94, 518),
(2118, 1, '2021-11-11 12:19:14', 4.94, 476),
(2119, 1, '2021-11-11 12:19:28', 4.94, 519),
(2121, 1, '2021-11-11 12:19:57', 6, 471),
(2124, 1, '2021-11-11 12:20:39', 4, 467),
(2125, 1, '2021-11-11 12:20:53', 14, 1021),
(2127, 1, '2021-11-11 12:21:21', 8, 472),
(2129, 1, '2021-11-11 12:21:50', 11, 470),
(2131, 1, '2021-11-11 12:22:18', 5, 474),
(2132, 1, '2021-11-11 12:22:32', 5.07, 1021),
(2133, 1, '2021-11-11 12:22:46', 5.07, 1021),
(2134, 1, '2021-11-11 12:23:00', 5.01, 1022),
(2135, 1, '2021-11-11 12:23:14', 5.01, 1022),
(2136, 1, '2021-11-11 12:23:29', 5.01, 1021),
(2137, 1, '2021-11-11 12:23:43', 5.01, 1021),
(2138, 1, '2021-11-11 12:23:57', 5.01, 1021),
(2139, 1, '2021-11-11 12:24:11', 4.94, 1022),
(2140, 1, '2021-11-11 12:24:25', 4.94, 1021),
(2141, 1, '2021-11-11 12:24:39', 4.94, 1021),
(2144, 1, '2021-11-11 12:25:22', 4.94, 515),
(2145, 1, '2021-11-11 12:25:36', 6, 1021),
(2146, 1, '2021-11-11 12:25:50', 4, 1020),
(2147, 1, '2021-11-11 12:26:04', 14, 1021),
(2148, 1, '2021-11-11 12:26:18', 8, 1021),
(2149, 1, '2021-11-11 12:26:32', 11, 1021),
(2150, 1, '2021-11-11 12:26:46', 5, 1021),
(2151, 1, '2021-11-11 12:27:01', 5.07, 1021),
(2152, 1, '2021-11-11 12:27:29', 5.07, 515),
(2153, 1, '2021-11-11 12:27:43', 5.01, 1021),
(2154, 1, '2021-11-11 12:27:57', 5.01, 1021),
(2155, 1, '2021-11-11 12:28:11', 5.01, 1021),
(2156, 1, '2021-11-11 12:28:25', 5.01, 1021),
(2157, 1, '2021-11-11 12:28:40', 5.01, 1021),
(2159, 1, '2021-11-11 12:29:08', 4.94, 514),
(2160, 1, '2021-11-11 12:29:22', 4.94, 1021),
(2163, 1, '2021-11-11 12:30:04', 4.94, 515),
(2164, 1, '2021-11-11 12:30:19', 4.94, 1021),
(2166, 1, '2021-11-11 12:30:47', 6, 514),
(2167, 1, '2021-11-11 12:31:01', 4, 544),
(2168, 1, '2021-11-11 12:31:15', 14, 1022),
(2169, 1, '2021-11-11 12:31:29', 8, 1021),
(2170, 1, '2021-11-11 12:31:58', 11, 1021),
(2171, 1, '2021-11-11 12:32:12', 5, 542),
(2173, 1, '2021-11-11 12:32:40', 5.01, 1022),
(2174, 1, '2021-11-11 12:32:54', 5.01, 1021),
(2176, 1, '2021-11-11 12:33:36', 5.01, 1021),
(2177, 1, '2021-11-11 12:33:51', 5.01, 1021),
(2178, 1, '2021-11-11 12:34:05', 4.94, 1019),
(2179, 1, '2021-11-11 12:34:19', 4.94, 1021),
(2180, 1, '2021-11-11 12:34:33', 4.94, 542),
(2181, 1, '2021-11-11 12:34:47', 4.94, 541),
(2182, 1, '2021-11-11 12:35:15', 6, 1020),
(2183, 1, '2021-11-11 12:35:30', 4, 541),
(2184, 1, '2021-11-11 12:35:44', 5.01, 543),
(2185, 1, '2021-11-11 12:35:58', 5.01, 1021),
(2186, 1, '2021-11-11 12:36:12', 5.01, 1021),
(2187, 1, '2021-11-11 12:36:26', 5.01, 541),
(2188, 1, '2021-11-11 12:36:40', 4.94, 1021),
(2189, 1, '2021-11-11 12:37:09', 4.94, 1022),
(2190, 1, '2021-11-11 12:37:23', 4.94, 627),
(2191, 1, '2021-11-11 12:37:37', 4.94, 1021),
(2192, 1, '2021-11-11 12:39:04', 6, 626),
(2193, 1, '2021-11-11 12:41:33', 4, 1020),
(2194, 1, '2021-11-11 12:41:48', 5.01, 1020),
(2195, 1, '2021-11-11 12:42:30', 5.01, 1023),
(2196, 1, '2021-11-11 12:42:50', 5.01, 1021),
(2197, 1, '2021-11-11 12:45:22', 5.01, 1020),
(2198, 1, '2021-11-11 12:45:34', 4.94, 468),
(2199, 1, '2021-11-11 12:45:48', 4.94, 545),
(2200, 1, '2021-11-11 12:46:02', 4.94, 544),
(2201, 1, '2021-11-11 12:46:16', 4.94, 545),
(2202, 1, '2021-11-11 12:46:34', 6, 626),
(2203, 1, '2021-11-11 12:46:45', 4, 625),
(2204, 1, '2021-11-11 12:46:59', 5.01, 626),
(2205, 1, '2021-11-11 12:47:13', 5.01, 713),
(2206, 1, '2021-11-11 12:47:27', 5.01, 542),
(2207, 1, '2021-11-11 12:47:41', 5.01, 545),
(2208, 1, '2021-11-11 12:47:55', 4.94, 625),
(2209, 1, '2021-11-11 12:48:09', 4.94, 625),
(2210, 1, '2021-11-11 12:48:23', 4.94, 625),
(2211, 1, '2021-11-11 12:48:38', 4.94, 713),
(2212, 1, '2021-11-11 12:48:52', 6, 625),
(2213, 1, '2021-11-11 12:49:06', 4, 545),
(2214, 1, '2021-11-11 12:49:34', 5.01, 477),
(2215, 1, '2021-11-11 12:49:48', 5.01, 625),
(2216, 1, '2021-11-11 12:50:02', 5.01, 544),
(2217, 1, '2021-11-11 12:50:17', 5.01, 625),
(2218, 1, '2021-11-11 12:50:31', 4.94, 712),
(2219, 1, '2021-11-11 12:50:47', 4.94, 712),
(2220, 1, '2021-11-11 12:58:36', 4.94, 0),
(2221, 1, '2021-11-11 12:59:14', 4.94, 553),
(2222, 1, '2021-11-11 13:01:21', 6, 709),
(2223, 1, '2021-11-11 13:02:36', 4, 709),
(2224, 1, '2021-11-11 13:02:46', 5.01, 709),
(2225, 1, '2021-11-11 13:03:00', 5.01, 509),
(2226, 1, '2021-11-11 13:03:14', 5.01, 1022),
(2227, 1, '2021-11-11 13:03:28', 5.01, 473),
(2228, 1, '2021-11-11 13:03:42', 4.94, 1020),
(2229, 1, '2021-11-11 13:03:57', 4.94, 510),
(2230, 1, '2021-11-11 13:04:11', 4.94, 509),
(2231, 1, '2021-11-11 13:04:25', 4.94, 1021),
(2232, 1, '2021-11-11 13:04:39', 6, 1021),
(2233, 1, '2021-11-11 13:04:53', 4, 1021),
(2234, 1, '2021-11-11 13:05:07', 5.42, 512),
(2235, 1, '2021-11-11 13:05:21', 4.42, 468),
(2236, 1, '2021-11-11 13:05:35', 5.42, 1021),
(2237, 1, '2021-11-11 13:05:50', 4.2, 1021),
(2238, 1, '2021-11-11 13:06:04', 4, 512),
(2239, 1, '2021-11-11 13:06:18', 5.2, 1022),
(2240, 1, '2021-11-11 13:06:32', 6.24, 1021),
(2241, 1, '2021-11-11 13:06:46', 4.46, 1021),
(2242, 1, '2021-11-11 13:07:00', 7, 707),
(2243, 1, '2021-11-11 13:07:14', 8, 1021),
(2244, 1, '2021-11-11 13:07:29', 5.49, 1021),
(2245, 1, '2021-11-11 13:07:43', 9.42, 476),
(2246, 1, '2021-11-11 13:07:57', 6.42, 509),
(2247, 1, '2021-11-11 13:08:11', 5.42, 1021),
(2248, 1, '2021-11-11 13:08:25', 5.49, 1021),
(2249, 1, '2021-11-11 13:08:39', 9.42, 510),
(2250, 1, '2021-11-11 13:08:53', 6.42, 1022),
(2251, 1, '2021-11-11 13:09:08', 5.42, 1021),
(2252, 1, '2021-11-11 13:09:22', 9, 512),
(2253, 1, '2021-11-11 13:13:00', 5.49, 706),
(2254, 1, '2021-11-11 13:13:08', 9.42, 1021),
(2255, 1, '2021-11-11 13:13:22', 6.42, 1021),
(2256, 1, '2021-11-11 13:13:36', 5.42, 1021),
(2257, 1, '2021-11-11 13:13:50', 5.49, 1021),
(2258, 1, '2021-11-11 13:14:04', 5.42, 508),
(2259, 1, '2021-11-11 13:14:19', 5.42, 1021),
(2260, 1, '2021-11-11 13:14:33', 5.42, 1021),
(2261, 1, '2021-11-11 13:14:47', 5.49, 512),
(2262, 1, '2021-11-11 13:15:01', 9.42, 1022),
(2263, 1, '2021-11-11 13:15:15', 6.42, 526),
(2264, 1, '2021-11-11 13:15:29', 5.42, 1021),
(2265, 1, '2021-11-11 13:15:43', 5.49, 1021),
(2266, 1, '2021-11-11 13:15:58', 5.42, 510),
(2267, 1, '2021-11-11 13:18:20', 5.42, 1021),
(2268, 1, '2021-11-11 13:18:33', 5.42, 1021),
(2269, 1, '2021-11-11 13:18:47', 5.49, 514),
(2270, 1, '2021-11-11 13:19:01', 5.42, 1022),
(2271, 1, '2021-11-15 13:19:15', 5.42, 513),
(2272, 2, '2021-11-15 13:19:30', 5.35, 516),
(2273, 3, '2021-11-15 13:19:44', 5.35, 1021),
(2274, 4, '2021-11-15 13:19:58', 5.42, 516),
(2275, 1, '2021-11-16 13:20:12', 5.35, 519),
(2276, 2, '2021-11-16 13:20:26', 5.42, 515),
(2277, 3, '2021-11-16 13:20:40', 5.35, 516),
(2278, 4, '2021-11-16 13:20:54', 5.21, 516),
(2279, 1, '2021-11-17 13:21:09', 5.21, 513),
(2280, 2, '2021-11-17 13:21:23', 5.21, 517),
(2281, 3, '2021-11-17 13:21:37', 5.28, 516),
(2282, 4, '2021-11-17 13:21:51', 5.21, 619),
(2283, 1, '2021-11-11 13:22:05', 5.21, 517),
(2284, 2, '2021-11-11 13:22:19', 5.21, 620),
(2285, 1, '2021-11-11 13:22:33', 5.21, 1022),
(2286, 1, '2021-11-11 13:22:48', 0.21, 1021),
(2287, 1, '2021-11-11 13:23:02', 5.21, 619),
(2288, 1, '2021-11-11 13:23:16', 5.21, 619),
(2289, 1, '2021-11-11 13:23:30', 5.14, 517),
(2290, 1, '2021-11-11 13:23:44', 5.21, 1021),
(2291, 1, '2021-11-11 13:23:59', 5.21, 618),
(2292, 1, '2021-11-11 13:24:12', 5.14, 1021),
(2293, 1, '2021-11-11 13:24:27', 5.28, 1022),
(2294, 1, '2021-11-11 13:24:41', 5.14, 518),
(2295, 1, '2021-11-11 13:24:55', 5.21, 516),
(2296, 1, '2021-11-11 13:25:10', 5.07, 619),
(2297, 1, '2021-11-11 13:25:23', 5.07, 1022),
(2298, 1, '2021-11-11 13:25:37', 5.07, 1021),
(2299, 1, '2021-11-11 13:25:51', 5.07, 632),
(2300, 1, '2021-11-11 13:26:06', 5.07, 533),
(2301, 1, '2021-11-11 13:26:20', 5.07, 532),
(2302, 1, '2021-11-11 13:26:34', 5.07, 619),
(2303, 1, '2021-11-11 13:26:48', 5.07, 535),
(2304, 1, '2021-11-11 13:27:02', 5.07, 519),
(2305, 1, '2021-11-11 13:27:16', 5.07, 534),
(2306, 1, '2021-11-11 13:27:30', 5.01, 512),
(2307, 1, '2021-11-11 13:27:45', 5.01, 533),
(2308, 1, '2021-11-11 13:27:59', 5.01, 1021),
(2309, 1, '2021-11-11 13:28:13', 5.01, 618),
(2310, 1, '2021-11-11 13:28:28', 5.01, 618),
(2311, 1, '2021-11-11 13:28:41', 4.94, 534),
(2312, 1, '2021-11-11 13:28:55', 4.94, 532),
(2313, 1, '2021-11-11 13:29:10', 4.94, 618),
(2314, 1, '2021-11-11 13:29:24', 4.94, 618),
(2315, 1, '2021-11-11 13:29:38', 5.42, 532),
(2316, 1, '2021-11-11 13:29:52', 4.42, 617),
(2317, 1, '2021-11-11 13:30:06', 5.42, 506),
(2318, 1, '2021-11-11 13:30:20', 4.2, 531),
(2319, 1, '2021-11-11 13:30:34', 4, 528),
(2320, 1, '2021-11-11 13:30:48', 5.2, 699),
(2321, 1, '2021-11-11 13:31:02', 6.24, 617),
(2322, 1, '2021-11-11 13:31:17', 4.46, 502),
(2323, 1, '2021-11-11 13:31:31', 7, 699),
(2324, 1, '2021-11-11 13:31:45', 8, 528),
(2325, 1, '2021-11-11 13:31:59', 5.49, 699),
(2326, 1, '2021-11-11 13:32:13', 9.42, 529),
(2327, 1, '2021-11-11 13:32:27', 6.42, 698),
(2328, 1, '2021-11-11 13:32:41', 5.42, 698),
(2329, 1, '2021-11-11 13:32:55', 5.49, 617),
(2330, 1, '2021-11-11 13:33:10', 9.42, 617),
(2331, 1, '2021-11-11 13:33:24', 6.42, 698),
(2332, 1, '2021-11-11 13:33:38', 5.42, 698),
(2333, 1, '2021-11-11 13:33:52', 9, 617),
(2334, 1, '2021-11-11 13:34:06', 5.49, 698),
(2335, 1, '2021-11-11 13:34:20', 9.42, 698),
(2336, 1, '2021-11-11 13:34:34', 6.42, 616),
(2337, 1, '2021-11-11 13:34:49', 5.42, 617),
(2338, 1, '2021-11-11 13:35:03', 5.49, 698),
(2339, 1, '2021-11-11 13:35:17', 5.42, 698),
(2340, 1, '2021-11-11 13:35:31', 5.42, 697),
(2341, 1, '2021-11-11 13:35:45', 5.42, 697),
(2342, 1, '2021-11-11 13:35:59', 5.49, 529),
(2343, 1, '2021-11-11 13:36:13', 9.42, 698),
(2344, 1, '2021-11-11 13:36:28', 6.42, 475),
(2345, 1, '2021-11-11 13:36:42', 5.42, 617),
(2346, 1, '2021-11-11 13:36:56', 5.49, 468),
(2347, 1, '2021-11-11 13:37:10', 5.42, 697),
(2348, 1, '2021-11-11 13:37:24', 5.42, 466),
(2349, 1, '2021-11-11 13:37:38', 5.42, 530),
(2350, 1, '2021-11-11 13:37:52', 5.49, 469),
(2351, 1, '2021-11-11 13:38:07', 5.42, 696),
(2352, 1, '2021-11-11 13:38:21', 5.42, 617),
(2353, 1, '2021-11-11 13:38:35', 5.35, 528),
(2354, 1, '2021-11-11 13:38:49', 5.35, 465),
(2355, 1, '2021-11-11 13:39:03', 5.42, 696),
(2356, 1, '2021-11-11 13:39:17', 5.35, 471),
(2357, 1, '2021-11-11 13:39:31', 5.42, 698),
(2358, 1, '2021-11-11 13:39:45', 5.35, 528),
(2359, 1, '2021-11-11 13:40:00', 5.21, 528),
(2360, 1, '2021-11-11 13:40:14', 5.21, 697),
(2361, 1, '2021-11-11 13:40:28', 5.21, 464),
(2362, 1, '2021-11-11 13:40:42', 5.28, 470),
(2363, 1, '2021-11-11 13:40:56', 5.21, 697),
(2364, 1, '2021-11-11 13:41:11', 5.21, 697),
(2365, 1, '2021-11-11 13:41:25', 5.21, 528),
(2366, 1, '2021-11-11 13:41:39', 5.21, 475),
(2367, 1, '2021-11-11 13:41:53', 0.21, 467),
(2368, 1, '2021-11-11 13:42:07', 5.21, 696),
(2369, 1, '2021-11-11 13:42:21', 5.21, 470),
(2370, 1, '2021-11-11 13:42:35', 5.14, 473),
(2371, 1, '2021-11-11 13:42:49', 5.21, 477),
(2372, 1, '2021-11-11 13:43:04', 5.21, 474),
(2373, 1, '2021-11-11 13:43:18', 5.14, 467),
(2374, 1, '2021-11-11 13:43:32', 5.28, 467),
(2375, 1, '2021-11-11 13:43:46', 5.14, 530),
(2376, 1, '2021-11-11 13:44:00', 5.21, 465),
(2377, 1, '2021-11-11 13:44:14', 5.07, 509),
(2378, 1, '2021-11-11 13:44:28', 5.07, 475),
(2379, 1, '2021-11-11 13:44:42', 5.07, 471),
(2380, 1, '2021-11-11 13:44:57', 5.07, 471),
(2381, 1, '2021-11-11 13:45:11', 5.07, 697),
(2382, 1, '2021-11-11 13:45:25', 5.07, 462),
(2383, 1, '2021-11-11 13:45:39', 5.07, 465),
(2384, 1, '2021-11-11 13:45:53', 5.07, 507),
(2385, 1, '2021-11-11 13:46:07', 5.07, 476),
(2386, 1, '2021-11-11 13:46:21', 5.07, 507),
(2387, 1, '2021-11-11 13:46:35', 5.01, 696),
(2388, 1, '2021-11-11 13:46:50', 5.01, 697),
(2389, 1, '2021-11-11 13:47:04', 5.01, 697),
(2390, 1, '2021-11-11 13:47:18', 5.01, 697),
(2391, 1, '2021-11-11 13:47:32', 5.01, 507),
(2392, 1, '2021-11-11 13:47:46', 4.94, 472),
(2393, 1, '2021-11-11 13:48:01', 4.94, 507),
(2394, 1, '2021-11-11 13:48:14', 4.94, 508),
(2395, 1, '2021-11-11 13:48:28', 4.94, 510),
(2396, 1, '2021-11-11 13:48:43', 5.14, 477),
(2397, 1, '2021-11-11 13:48:57', 5.21, 696),
(2398, 1, '2021-11-11 13:49:11', 5.21, 510),
(2399, 1, '2021-11-11 13:49:25', 5.14, 510),
(2400, 1, '2021-11-11 13:49:39', 5.28, 697),
(2401, 1, '2021-11-11 13:49:53', 5.14, 510),
(2402, 1, '2021-11-11 13:50:07', 5.21, 509),
(2403, 1, '2021-11-11 13:50:22', 5.07, 508),
(2404, 1, '2021-11-11 13:50:36', 5.07, 1021),
(2405, 1, '2021-11-11 13:50:50', 5.07, 509),
(2406, 1, '2021-11-11 13:51:04', 5.07, 1022),
(2407, 1, '2021-11-11 13:51:18', 5.07, 508),
(2408, 1, '2021-11-11 13:51:32', 5.07, 509),
(2409, 1, '2021-11-11 13:51:46', 5.07, 509),
(2410, 1, '2021-11-11 13:52:01', 5.07, 1021),
(2411, 1, '2021-11-11 13:52:15', 5.07, 695),
(2412, 1, '2021-11-11 13:52:29', 5.07, 695),
(2413, 1, '2021-11-11 13:52:43', 5.01, 509),
(2414, 1, '2021-11-11 13:52:57', 5.01, 1021),
(2415, 1, '2021-11-11 13:53:11', 5.01, 1022),
(2416, 1, '2021-11-11 13:53:25', 5.01, 1023),
(2417, 1, '2021-11-11 13:53:40', 5.01, 510),
(2418, 1, '2021-11-11 13:53:54', 4.94, 1021),
(2419, 1, '2021-11-11 13:54:09', 4.94, 472),
(2420, 1, '2021-11-11 13:54:22', 4.94, 694),
(2421, 1, '2021-11-11 13:54:36', 4.94, 507),
(2422, 1, '2021-11-11 13:54:50', 5.14, 1022),
(2423, 1, '2021-11-11 13:55:04', 5.21, 477),
(2424, 1, '2021-11-11 13:55:18', 5.21, 1021),
(2425, 1, '2021-11-11 13:55:33', 5.14, 471),
(2426, 1, '2021-11-11 13:55:47', 5.28, 509),
(2427, 1, '2021-11-11 13:56:01', 5.14, 1021),
(2428, 1, '2021-11-11 13:56:15', 5.21, 1019),
(2429, 1, '2021-11-11 13:56:29', 5.07, 1022),
(2430, 1, '2021-11-11 13:56:43', 5.07, 1021),
(2431, 1, '2021-11-11 13:56:57', 5.07, 1022),
(2432, 1, '2021-11-11 13:57:12', 5.07, 1021),
(2433, 1, '2021-11-11 13:57:26', 5.07, 508),
(2434, 1, '2021-11-11 13:57:40', 5.07, 510),
(2435, 1, '2021-11-11 13:57:54', 5.07, 481),
(2436, 1, '2021-11-11 13:58:08', 5.07, 1021),
(2437, 1, '2021-11-11 13:58:22', 5.07, 1021),
(2438, 1, '2021-11-11 13:58:36', 5.07, 1021),
(2439, 1, '2021-11-11 13:58:51', 5.01, 1021),
(2440, 1, '2021-11-11 13:59:05', 5.01, 1021),
(2441, 1, '2021-11-11 13:59:19', 5.01, 1022),
(2442, 1, '2021-11-11 13:59:33', 5.01, 1021),
(2443, 1, '2021-11-11 13:59:47', 5.01, 1021),
(2444, 1, '2021-11-11 14:00:01', 4.94, 1021),
(2445, 1, '2021-11-11 14:00:15', 4.94, 507),
(2446, 1, '2021-11-11 14:00:30', 4.94, 1021),
(2447, 1, '2021-11-11 14:00:44', 4.94, 1021),
(2448, 1, '2021-11-11 14:00:58', 5.14, 1021),
(2449, 1, '2021-11-11 14:01:12', 5.21, 1022),
(2450, 1, '2021-11-11 14:01:26', 5.21, 1021),
(2451, 1, '2021-11-11 14:01:40', 5.14, 507),
(2452, 1, '2021-11-11 14:01:54', 5.28, 1021),
(2453, 1, '2021-11-11 14:02:08', 5.14, 509),
(2454, 1, '2021-11-11 14:02:23', 5.21, 1021),
(2455, 1, '2021-11-11 14:02:37', 5.07, 509),
(2456, 1, '2021-11-11 14:02:51', 5.07, 1021),
(2457, 1, '2021-11-11 14:03:06', 5.07, 1021),
(2458, 1, '2021-11-11 14:03:19', 5.07, 1022),
(2459, 1, '2021-11-11 14:03:34', 5.07, 1021),
(2460, 1, '2021-11-11 14:03:48', 5.07, 507),
(2461, 1, '2021-11-11 14:04:02', 5.07, 1021),
(2462, 1, '2021-11-11 14:04:16', 5.07, 1021),
(2463, 1, '2021-11-11 14:04:30', 5.07, 508),
(2464, 1, '2021-11-11 14:04:44', 5.07, 1021),
(2465, 1, '2021-11-11 14:04:58', 5.01, 529),
(2466, 1, '2021-11-11 14:05:12', 5.01, 1021),
(2467, 1, '2021-11-11 14:05:27', 5.01, 1021),
(2468, 1, '2021-11-11 14:05:41', 5.01, 1022),
(2469, 1, '2021-11-11 14:05:55', 5.01, 533),
(2470, 1, '2021-11-11 14:06:09', 4.94, 1021),
(2471, 1, '2021-11-11 14:06:23', 4.94, 1021),
(2472, 1, '2021-11-11 14:06:37', 4.94, 535),
(2473, 1, '2021-11-11 14:06:51', 4.94, 534),
(2474, 1, '2021-11-11 14:07:05', 5.14, 510),
(2475, 1, '2021-11-11 14:07:20', 5.21, 1022),
(2476, 1, '2021-11-11 14:07:34', 5.21, 537),
(2477, 1, '2021-11-11 14:07:48', 5.14, 1021),
(2478, 1, '2021-11-11 14:08:02', 5.28, 538),
(2479, 1, '2021-11-11 14:08:16', 5.14, 540),
(2480, 1, '2021-11-11 14:08:30', 5.21, 1021),
(2481, 1, '2021-11-11 14:08:44', 5.07, 540),
(2482, 1, '2021-11-11 14:08:58', 5.07, 541),
(2483, 1, '2021-11-11 14:09:13', 5.07, 543),
(2484, 1, '2021-11-11 14:09:27', 5.07, 543),
(2485, 1, '2021-11-11 14:09:41', 5.07, 1021),
(2486, 1, '2021-11-11 14:09:55', 5.07, 543),
(2487, 1, '2021-11-11 14:10:09', 5.07, 1021),
(2488, 1, '2021-11-11 14:10:23', 5.07, 543),
(2489, 1, '2021-11-11 14:10:37', 5.07, 1021),
(2490, 1, '2021-11-11 14:10:52', 5.07, 1020),
(2491, 1, '2021-11-11 14:11:06', 5.01, 1020),
(2492, 1, '2021-11-11 14:11:20', 5.01, 1021),
(2493, 1, '2021-11-11 14:11:34', 5.01, 1020),
(2494, 1, '2021-11-11 14:11:48', 5.01, 541),
(2495, 1, '2021-11-11 14:12:02', 5.01, 542),
(2496, 1, '2021-11-11 14:12:16', 4.94, 1021),
(2497, 1, '2021-11-11 14:12:31', 4.94, 543),
(2498, 1, '2021-11-11 14:12:45', 4.94, 543),
(2499, 1, '2021-11-11 14:12:59', 4.94, 543),
(2500, 1, '2021-11-11 14:13:13', 5.14, 1021),
(2501, 1, '2021-11-11 14:13:27', 5.21, 1021),
(2502, 1, '2021-11-11 14:13:41', 5.21, 544),
(2503, 1, '2021-11-11 14:13:55', 5.14, 545),
(2504, 1, '2021-11-11 14:14:09', 5.28, 544),
(2505, 1, '2021-11-11 14:14:24', 5.14, 544),
(2506, 1, '2021-11-11 14:14:38', 5.21, 547),
(2507, 1, '2021-11-11 14:14:52', 5.07, 611),
(2508, 1, '2021-11-11 14:15:06', 5.07, 1021),
(2509, 1, '2021-11-11 14:15:20', 5.07, 548),
(2510, 1, '2021-11-11 14:15:34', 5.07, 1021),
(2511, 1, '2021-11-11 14:15:49', 5.07, 549),
(2512, 1, '2021-11-11 14:16:03', 5.07, 549),
(2513, 1, '2021-11-11 14:16:17', 5.07, 550),
(2514, 1, '2021-11-11 14:16:31', 5.07, 611),
(2515, 1, '2021-11-11 14:16:45', 5.07, 550),
(2516, 1, '2021-11-11 14:16:59', 5.07, 549),
(2517, 1, '2021-11-11 14:17:13', 5.01, 1021),
(2518, 1, '2021-11-11 14:17:27', 5.01, 549),
(2519, 1, '2021-11-11 14:17:42', 5.01, 548),
(2520, 1, '2021-11-11 14:17:56', 5.01, 1021),
(2521, 1, '2021-11-11 14:18:10', 5.01, 547),
(2522, 1, '2021-11-11 14:18:24', 4.94, 546),
(2523, 1, '2021-11-11 14:20:48', 4.94, 548),
(2524, 1, '2021-11-11 14:23:19', 4.94, 1020),
(2526, 1, '2021-11-11 14:23:49', 4.94, 1021),
(2527, 1, '2021-11-11 14:24:03', 5.14, 611),
(2528, 1, '2021-11-11 14:24:17', 5.21, 557),
(2529, 1, '2021-11-11 14:24:31', 5.21, 541),
(2530, 1, '2021-11-11 14:24:46', 5.14, 1020),
(2531, 1, '2021-11-11 14:25:00', 5.28, 610),
(2532, 1, '2021-11-11 14:25:14', 5.14, 1021),
(2533, 1, '2021-11-11 14:25:28', 5.21, 1021),
(2534, 1, '2021-11-11 14:25:42', 5.07, 611),
(2535, 1, '2021-11-11 14:25:56', 5.07, 611),
(2536, 1, '2021-11-11 14:26:10', 5.07, 561),
(2537, 1, '2021-11-11 14:26:25', 5.07, 611),
(2538, 1, '2021-11-11 14:26:39', 5.07, 611),
(2540, 1, '2021-11-11 14:27:07', 5.07, 1021),
(2541, 1, '2021-11-11 14:27:21', 5.07, 610),
(2542, 1, '2021-11-11 14:27:35', 5.07, 1021),
(2543, 1, '2021-11-11 14:27:49', 5.07, 610),
(2544, 1, '2021-11-11 14:28:04', 5.07, 1021),
(2545, 1, '2021-11-11 14:28:18', 5.01, 544),
(2546, 1, '2021-11-11 14:28:46', 5.01, 1021),
(2547, 1, '2021-11-11 14:29:00', 5.01, 611),
(2548, 1, '2021-11-11 14:29:14', 5.01, 611),
(2549, 1, '2021-11-11 14:29:28', 5.01, 610),
(2550, 1, '2021-11-11 14:29:42', 4.94, 610),
(2553, 1, '2021-11-11 14:30:25', 4.94, 1021),
(2554, 1, '2021-11-11 14:30:39', 4.94, 545),
(2555, 1, '2021-11-11 14:31:07', 4.94, 1021),
(2556, 1, '2021-11-11 14:31:21', 5.14, 610),
(2557, 1, '2021-11-11 14:31:36', 5.21, 544),
(2558, 1, '2021-11-11 14:31:50', 5.21, 610),
(2559, 1, '2021-11-11 14:32:05', 5.14, 610),
(2560, 1, '2021-11-11 14:32:18', 5.28, 563),
(2561, 1, '2021-11-11 14:32:32', 5.14, 610),
(2562, 1, '2021-11-11 14:32:46', 5.21, 544),
(2563, 1, '2021-11-11 14:33:00', 5.07, 610),
(2564, 1, '2021-11-11 14:33:15', 5.07, 545),
(2565, 1, '2021-11-11 14:33:29', 5.07, 610),
(2566, 1, '2021-11-11 14:33:43', 5.07, 610),
(2567, 1, '2021-11-11 14:33:57', 5.07, 565),
(2568, 1, '2021-11-11 14:34:11', 5.07, 546),
(2570, 1, '2021-11-11 14:34:39', 5.07, 567),
(2571, 1, '2021-11-11 14:34:53', 5.07, 545),
(2572, 1, '2021-11-11 14:35:08', 5.07, 545),
(2574, 1, '2021-11-11 14:35:36', 5.07, 610),
(2575, 1, '2021-11-11 14:35:50', 5.01, 569),
(2576, 1, '2021-11-11 14:36:18', 5.01, 567),
(2577, 1, '2021-11-11 14:36:32', 5.01, 546),
(2578, 1, '2021-11-11 14:36:47', 5.01, 546),
(2579, 1, '2021-11-11 14:37:01', 5.01, 561),
(2581, 1, '2021-11-11 14:37:29', 4.94, 561),
(2584, 1, '2021-11-11 14:38:11', 4.94, 562),
(2585, 1, '2021-11-11 14:38:26', 4.94, 682),
(2586, 1, '2021-11-11 14:38:40', 4.94, 544),
(2587, 1, '2021-11-11 14:38:54', 5.14, 561),
(2588, 1, '2021-11-11 14:39:08', 5.21, 682),
(2589, 1, '2021-11-11 14:39:22', 5.21, 558),
(2590, 1, '2021-11-11 14:39:36', 5.14, 559),
(2591, 1, '2021-11-11 14:39:50', 5.28, 544),
(2592, 1, '2021-11-11 14:40:04', 5.14, 543),
(2594, 1, '2021-11-11 14:40:33', 5.21, 560),
(2595, 1, '2021-11-11 14:40:47', 5.07, 544),
(2597, 1, '2021-11-11 14:41:15', 5.07, 559),
(2598, 2, '2021-11-09 14:41:29', 5.07, 609),
(2599, 3, '2021-11-09 14:41:43', 5.07, 681),
(2600, 4, '2021-11-09 14:41:58', 5.07, 544),
(2601, 3, '2021-11-10 14:42:12', 5.07, 542),
(2603, 1, '2021-11-11 14:42:40', 5.07, 554),
(2605, 1, '2021-11-11 14:43:08', 5.07, 554),
(2606, 1, '2021-11-12 14:43:22', 5.07, 542),
(2607, 1, '2021-11-12 14:43:37', 5.07, 609),
(2609, 1, '2021-11-13 14:44:05', 5.01, 609),
(2610, 1, '2021-11-13 14:44:19', 5.01, 544),
(2611, 1, '2021-11-14 14:44:33', 5.01, 681),
(2613, 1, '2021-11-14 14:45:15', 5.01, 609),
(2614, 1, '2021-11-15 14:45:30', 5.01, 543),
(2615, 1, '2021-11-15 15:01:27', 4.94, 10),
(2617, 1, '2021-11-15 19:12:27', 4.94, 1023),
(2618, 1, '2021-11-15 22:17:43', 4.94, 354),
(2619, 1, '2021-11-16 00:19:25', 4.94, 421),
(2620, 1, '2021-11-16 00:20:45', 6, 639),
(2622, 1, '2021-11-16 00:21:44', 4, 551),
(2624, 1, '2021-11-16 00:22:42', 14, 571),
(2626, 1, '2021-11-16 00:24:02', 8, 916),
(2628, 1, '2021-11-16 00:25:21', 11, 553),
(2629, 1, '2021-11-16 00:27:21', 5, 996),
(2630, 1, '2021-11-16 13:06:44', 5.07, 77),
(2631, 1, '2021-11-16 13:07:04', 5.07, 546),
(2632, 1, '2021-11-16 13:07:23', 5.01, 260),
(2633, 1, '2021-11-16 13:07:44', 5.01, 622),
(2634, 1, '2021-11-16 13:08:04', 5.01, 301),
(2635, 1, '2021-11-16 13:08:23', 5.01, 229),
(2636, 4, '2021-11-10 18:21:40', 5.01, 736),
(2637, 1, '2021-11-16 13:09:18', 4.94, 195),
(2638, 1, '2021-11-16 13:14:30', 4.94, 178),
(2639, 1, '2021-11-16 13:19:41', 4.94, 100),
(2640, 1, '2021-11-16 13:24:52', 4.94, 591),
(2641, 1, '2021-11-16 13:30:04', 6, 719),
(2642, 1, '2021-11-11 16:36:23', 4, 756),
(2643, 1, '2021-11-16 13:39:18', 14, 47),
(2644, 1, '2021-11-16 13:44:28', 8, 861),
(2645, 1, '2021-11-12 15:26:59', 11, 16),
(2646, 1, '2021-11-16 14:41:50', 5, 16),
(2647, 1, '2021-11-16 14:47:01', 5.07, 16),
(2648, 1, '2021-11-13 14:53:23', 5.07, 7),
(2649, 1, '2021-11-16 14:58:34', 5.01, 7),
(2650, 1, '2021-11-16 15:03:45', 5.01, 16),
(2651, 1, '2021-11-14 15:05:41', 5.01, 6),
(2652, 1, '2021-11-16 15:10:52', 5.01, 345),
(2653, 1, '2021-11-16 15:16:05', 5.01, 346),
(2654, 1, '2021-11-15 22:26:34', 4.94, 3),
(2655, 1, '2021-11-16 15:58:40', 4.94, 332),
(2656, 1, '2021-11-16 16:03:51', 4.94, 332),
(2657, 1, '2021-11-16 16:06:36', 4.94, 347),
(2658, 1, '2021-11-16 16:11:47', 6, 347),
(2659, 1, '2021-11-16 16:16:58', 4, 347),
(2660, 1, '2021-11-16 16:22:22', 14, 7),
(2661, 1, '2021-11-16 16:26:04', 8, 354),
(2662, 1, '2021-11-16 16:31:14', 11, 354),
(2663, 1, '2021-11-16 16:36:25', 5, 354),
(2664, 1, '2021-11-16 16:58:22', 5.01, 361),
(2665, 1, '2021-11-16 17:03:34', 5.01, 361),
(2666, 1, '2021-11-16 17:04:10', 5.01, 7),
(2667, 1, '2021-11-16 17:07:17', 5.01, 7),
(2668, 1, '2021-11-16 17:12:45', 4.94, 7),
(2669, 1, '2021-11-16 17:18:10', 4.94, 7),
(2670, 1, '2021-11-16 17:23:21', 4.94, 364),
(2671, 1, '2021-11-16 17:54:33', 4.94, 369),
(2672, 1, '2021-11-16 18:01:36', 6, 369),
(2673, 1, '2021-11-16 18:47:13', 4, 364),
(2674, 1, '2021-11-16 18:52:26', 5.01, 364),
(2675, 1, '2021-11-16 19:21:45', 5.01, 1023),
(2676, 1, '2021-11-16 19:26:56', 5.01, 1011),
(2677, 1, '2021-11-16 19:41:38', 5.01, 7),
(2678, 1, '2021-11-16 20:02:09', 4.94, 7),
(2679, 1, '2021-11-16 20:07:21', 4.94, 465),
(2680, 1, '2021-11-16 20:12:34', 4.94, 468),
(2681, 1, '2021-11-16 20:17:47', 4.94, 7),
(2682, 1, '2021-11-16 20:21:26', 6, 0),
(2683, 1, '2021-11-16 20:39:30', 4, 402),
(2684, 1, '2021-11-16 20:44:41', 5.01, 406),
(2685, 1, '2021-11-16 20:59:10', 5.01, 215),
(2686, 1, '2021-11-16 21:07:16', 5.01, 194),
(2687, 1, '2021-11-17 07:38:52', 5.01, 7),
(2688, 1, '2021-11-17 07:44:04', 4.94, 255),
(2689, 1, '2021-11-17 07:49:15', 4.94, 268),
(2690, 1, '2021-11-17 07:54:27', 4.94, 7),
(2691, 1, '2021-11-17 07:59:40', 4.94, 0),
(2692, 1, '2021-11-17 08:09:23', 6, 236),
(2693, 1, '2021-11-17 08:14:34', 4, 277),
(2694, 1, '2021-11-17 08:46:56', 5.01, 498),
(2695, 1, '2021-11-17 09:29:12', 5.01, 657),
(2696, 1, '2021-11-17 09:34:23', 5.01, 672),
(2697, 1, '2021-11-17 09:39:34', 5.01, 663),
(2698, 1, '2021-11-17 09:44:45', 4.94, 684),
(2699, 1, '2021-11-17 09:49:56', 4.94, 700),
(2700, 1, '2021-11-17 09:55:07', 4.94, 708),
(2701, 1, '2021-11-17 10:00:18', 4.94, 715),
(2702, 1, '2021-11-17 10:05:29', 6, 2),
(2703, 1, '2021-11-17 10:10:39', 4, 712),
(2704, 1, '2021-11-17 10:15:50', 5.01, 717),
(2705, 1, '2021-11-17 10:21:01', 5.01, -2),
(2706, 1, '2021-11-17 10:26:12', 5.01, 720),
(2707, 1, '2021-11-17 10:31:23', 5.01, 264),
(2708, 1, '2021-11-17 10:36:34', 4.94, 73),
(2709, 1, '2021-11-17 10:41:45', 4.94, 3),
(2710, 1, '2021-11-17 10:46:56', 4.94, 733),
(2711, 1, '2021-11-17 10:52:07', 4.94, 730),
(2712, 1, '2021-11-17 10:57:18', 6, 264),
(2713, 1, '2021-11-17 11:02:28', 4, 73),
(2714, 1, '2021-11-17 11:07:39', 5.01, 730),
(2715, 1, '2021-11-17 11:12:50', 5.01, 264),
(2716, 1, '2021-11-17 11:18:01', 5.01, 728),
(2717, 1, '2021-11-17 11:23:12', 5.01, 125),
(2718, 1, '2021-11-17 11:28:23', 4.94, 123),
(2719, 1, '2021-11-17 11:33:34', 4.94, 5728),
(2720, 1, '2021-11-17 11:38:45', 4.94, 657),
(2721, 1, '2021-11-17 11:43:56', 4.94, 72),
(2722, 1, '2021-11-17 11:49:06', 6, 7),
(2723, 1, '2021-11-17 11:54:17', 4, 7),
(2724, 1, '2021-11-17 11:59:28', 4.94, 2),
(2725, 1, '2021-11-17 12:04:39', 4.94, 71),
(2726, 1, '2021-11-17 12:09:50', 4.94, 725),
(2727, 1, '2021-11-17 12:15:01', 4.94, 1),
(2728, 1, '2021-11-17 12:20:12', 6, -2),
(2729, 1, '2021-11-17 12:25:23', 4, 725),
(2730, 1, '2021-11-17 12:30:34', 5.01, 3),
(2731, 1, '2021-11-17 12:35:45', 5.01, 3),
(2732, 1, '2021-11-17 12:40:56', 5.01, 722),
(2733, 1, '2021-11-17 12:46:06', 5.01, 722),
(2734, 1, '2021-11-17 12:51:17', 4.94, 2),
(2735, 1, '2021-11-17 12:56:28', 4.94, 2),
(2736, 1, '2021-11-17 13:01:39', 4.94, 724),
(2737, 1, '2021-11-17 13:06:50', 4.94, 72),
(2738, 1, '2021-11-17 13:12:01', 6, 2),
(2739, 1, '2021-11-17 13:17:12', 4, 2),
(2740, 1, '2021-11-17 13:22:23', 5.01, 72),
(2741, 1, '2021-11-17 13:27:34', 5.01, 132),
(2742, 1, '2021-11-17 13:32:45', 5.01, 143),
(2743, 1, '2021-11-17 13:37:56', 5.01, 718),
(2744, 1, '2021-11-17 13:43:07', 4.94, 720),
(2745, 1, '2021-11-17 13:48:17', 4.94, 132),
(2746, 1, '2021-11-17 13:53:28', 4.94, 143),
(2747, 1, '2021-11-17 13:58:40', 4.94, 718),
(2748, 1, '2021-11-17 14:03:51', 6, 7151),
(2749, 1, '2021-11-17 14:09:01', 4, 135),
(2750, 1, '2021-11-17 14:14:12', 5.01, 134),
(2751, 1, '2021-11-17 14:19:23', 5.01, 713),
(2752, 1, '2021-11-17 14:24:34', 5.01, 7),
(2753, 1, '2021-11-17 14:29:45', 5.01, 0),
(2754, 1, '2021-11-17 14:34:56', 4.94, 153),
(2755, 1, '2021-11-17 14:40:07', 4.94, 70),
(2756, 1, '2021-11-17 14:45:18', 4.94, 615),
(2757, 1, '2021-11-17 14:50:29', 4.94, 70),
(2758, 1, '2021-11-17 14:55:39', 6, 697),
(2759, 1, '2021-11-17 14:58:28', 4, 691),
(2760, 1, '2021-11-17 15:03:39', 5.01, 691),
(2761, 1, '2021-11-17 15:08:50', 5.01, 124),
(2762, 1, '2021-11-17 15:14:01', 5.01, 686),
(2763, 1, '2021-11-17 15:19:11', 5.01, 685),
(2764, 1, '2021-11-17 15:24:22', 4.94, 686),
(2765, 1, '2021-11-17 15:29:33', 4.94, 681),
(2766, 1, '2021-11-17 15:34:44', 4.94, 678),
(2767, 1, '2021-11-17 15:39:55', 4.94, 685),
(2768, 1, '2021-11-17 15:45:06', 6, 686),
(2769, 1, '2021-11-17 15:50:17', 4, 681),
(2770, 1, '2021-11-17 15:55:28', 5.01, 236),
(2771, 1, '2021-11-17 16:00:39', 5.01, 670),
(2772, 1, '2021-11-17 16:05:49', 5.01, 670),
(2773, 1, '2021-11-17 16:11:00', 5.01, 0),
(2774, 1, '2021-11-17 16:16:11', 4.94, 5365),
(2775, 1, '2021-11-17 16:21:22', 4.94, 664),
(2776, 1, '2021-11-17 16:26:33', 4.94, 124),
(2777, 1, '2021-11-17 16:31:44', 4.94, 663),
(2778, 1, '2021-11-17 16:36:55', 6, 662),
(2779, 1, '2021-11-17 16:42:06', 4, 125),
(2780, 1, '2021-11-17 16:47:17', 1.88, 659),
(2781, 1, '2021-11-17 16:52:27', 9, 658),
(2782, 1, '2021-11-17 16:57:38', 1.88, 658),
(2783, 1, '2021-11-17 17:02:49', 8, 658),
(2784, 1, '2021-11-17 17:08:00', 1.8, 636),
(2785, 1, '2021-11-17 17:13:11', 1.86, 635),
(2786, 1, '2021-11-17 17:18:22', 1.86, 645),
(2787, 1, '2021-11-17 17:23:33', 1.85, 3651),
(2788, 1, '2021-11-17 17:28:44', 1, 658),
(2789, 1, '2021-11-17 17:33:55', 8, 650),
(2790, 1, '2021-11-17 17:39:06', 1.82, 6646),
(2791, 1, '2021-11-17 17:44:17', 7, 636),
(2792, 1, '2021-11-17 17:49:28', 8, 635),
(2793, 1, '2021-11-17 17:54:39', 1.81, 645),
(2794, 1, '2021-11-17 17:59:50', 79, 644),
(2795, 1, '2021-11-17 18:05:00', 78, 644),
(2796, 1, '2021-11-17 18:10:15', 1.79, 639),
(2797, 1, '2021-11-17 18:15:26', 1.79, 638),
(2798, 1, '2021-11-17 18:20:36', 1.78, 636),
(2799, 1, '2021-11-17 18:25:48', 1.79, 635),
(2800, 1, '2021-11-17 18:30:58', 1.78, 633),
(2801, 1, '2021-11-17 18:36:09', 1.78, 632),
(2802, 1, '2021-11-17 18:41:20', 1.78, 631),
(2803, 1, '2021-11-17 18:46:31', 1.76, 630),
(2804, 1, '2021-11-17 18:51:42', 1.76, 628),
(2805, 1, '2021-11-17 18:56:53', 1.8, 626),
(2806, 1, '2021-11-18 07:26:54', 1.86, 577),
(2807, 1, '2021-11-18 07:32:05', 1.86, 576),
(2808, 1, '2021-11-18 07:37:16', 1.85, 577),
(2809, 1, '2021-11-18 07:42:27', 1, 576),
(2810, 1, '2021-11-18 07:47:38', 8, 581),
(2811, 1, '2021-11-18 07:52:49', 1.82, 3578),
(2812, 1, '2021-11-18 07:57:59', 7, 0),
(2813, 1, '2021-11-18 08:03:10', 8, 570),
(2814, 1, '2021-11-18 08:08:21', 1.81, 572),
(2815, 1, '2021-11-18 08:13:32', 8, 3578),
(2816, 1, '2021-11-18 08:18:58', 8, 0),
(2817, 1, '2021-11-18 08:24:09', 1.79, 570),
(2818, 1, '2021-11-18 08:29:20', 1.79, 572),
(2819, 1, '2021-11-18 08:34:31', 1.78, 571),
(2820, 1, '2021-11-18 08:39:42', 1.79, 574),
(2821, 1, '2021-11-18 08:44:53', 1.78, 573),
(2822, 1, '2021-11-18 08:50:04', 1.78, 573),
(2823, 1, '2021-11-18 08:55:15', 1.78, 570),
(2824, 1, '2021-11-18 09:00:26', 1.76, 570),
(2825, 1, '2021-11-18 09:05:37', 1.76, 573),
(2826, 1, '2021-11-18 09:10:48', 1.78, 572),
(2827, 1, '2021-11-18 09:15:59', 1.78, 571),
(2828, 1, '2021-11-18 09:21:09', 1.76, 566),
(2829, 1, '2021-11-18 09:26:20', 1.76, 567),
(2830, 1, '2021-11-18 09:31:31', 14, 56),
(2831, 1, '2021-11-18 09:36:42', 8, 564),
(2832, 1, '2021-11-18 09:41:53', 1.82, 565),
(2833, 1, '2021-11-18 09:47:04', 7, 56),
(2834, 1, '2021-11-18 09:52:15', 8, 564),
(2835, 1, '2021-11-18 09:57:26', 1.81, 565),
(2836, 1, '2021-11-18 10:02:37', 7, 563),
(2837, 1, '2021-11-18 10:07:47', 7, 566),
(2838, 1, '2021-11-18 10:12:59', 1.79, 567),
(2839, 1, '2021-11-18 10:18:09', 1.79, 561),
(2840, 1, '2021-11-18 10:23:20', 1.78, 559),
(2841, 1, '2021-11-18 10:28:31', 1.79, 557),
(2842, 1, '2021-11-18 10:33:42', 1.78, 556),
(2843, 1, '2021-11-18 10:38:53', 1.78, 561),
(2844, 1, '2021-11-18 10:44:04', 1.78, 554),
(2845, 1, '2021-11-18 10:49:15', 1.76, 544),
(2846, 1, '2021-11-18 10:54:26', 1.76, 5),
(2847, 1, '2021-11-18 10:59:37', 1.8, 426),
(2848, 1, '2021-11-18 11:04:48', 1.86, 544),
(2849, 1, '2021-11-18 11:09:59', 1.86, 5),
(2850, 1, '2021-11-18 11:15:10', 1.85, 426),
(2851, 2, '2021-11-18 11:16:30', 1, 530),
(2852, 1, '2021-11-18 11:20:21', 85, 425),
(2853, 2, '2021-11-18 11:21:40', 1.82, 544),
(2854, 1, '2021-11-18 11:25:32', 7, 5),
(2855, 2, '2021-11-18 11:26:51', 8, 426),
(2856, 1, '2021-11-18 11:30:43', 1.81, 530),
(2857, 2, '2021-11-18 11:32:02', 79, 425),
(2858, 1, '2021-11-18 11:35:54', 78, 765),
(2859, 2, '2021-11-18 11:37:12', 1.79, 428),
(2860, 2, '2021-11-18 11:38:49', 1.79, 420),
(2861, 1, '2021-11-18 11:41:04', 1.78, 5),
(2862, 2, '2021-11-18 11:43:39', 1.79, 1),
(2863, 2, '2021-11-18 11:46:07', 1.78, 425),
(2864, 1, '2021-11-18 11:46:15', 1.78, 1523),
(2865, 2, '2021-11-18 11:51:12', 1.78, 427),
(2866, 1, '2021-11-18 11:51:26', 1.76, 1523),
(2867, 2, '2021-11-18 11:56:19', 1.76, 416),
(2868, 1, '2021-11-18 11:56:37', 1.78, 1),
(2869, 2, '2021-11-18 12:01:24', 1.78, 410),
(2870, 1, '2021-11-18 12:01:48', 1.76, 526),
(2871, 2, '2021-11-18 12:06:30', 1.76, 412),
(2872, 1, '2021-11-18 12:06:59', 10, 524),
(2873, 2, '2021-11-18 12:11:37', 9, 408),
(2874, 1, '2021-11-18 12:12:10', 8, 408),
(2875, 1, '2021-11-18 12:17:21', 8, 521),
(2876, 1, '2021-11-18 12:22:32', 1.06, 5),
(2877, 1, '2021-11-18 12:27:42', 6, 59),
(2878, 1, '2021-11-18 12:32:54', 6, 519),
(2879, 1, '2021-11-18 12:38:05', 1.04, 5),
(2880, 1, '2021-11-18 12:43:15', 1.04, 519),
(2881, 1, '2021-11-18 12:48:26', 1, 5),
(2882, 1, '2021-11-18 12:53:37', 1, 51),
(2883, 1, '2021-11-18 12:58:48', 0.99, 0),
(2884, 1, '2021-11-18 13:03:59', 0.96, 0),
(2885, 1, '2021-11-18 13:09:10', 94, 516),
(2886, 1, '2021-11-18 13:14:21', 0.94, 516),
(2887, 1, '2021-11-18 13:19:32', 0.92, 0),
(2888, 1, '2021-11-18 13:24:44', 9, 0),
(2889, 1, '2021-11-18 13:29:55', 0.9, 514),
(2890, 1, '2021-11-18 13:35:06', 0.92, 0),
(2891, 1, '2021-11-18 13:40:17', 9, 0),
(2892, 1, '2021-11-18 13:45:28', 0.87, 0),
(2893, 1, '2021-11-18 13:50:39', 0.87, 513),
(2894, 1, '2021-11-18 13:55:50', 8, 0),
(2895, 1, '2021-11-18 14:01:00', 4, 0),
(2896, 1, '2021-11-18 14:06:11', 5.01, 0),
(2897, 1, '2021-11-18 14:11:22', 5.01, 0),
(2898, 1, '2021-11-18 14:16:33', 5.01, 0),
(2899, 1, '2021-11-18 14:21:44', 5.01, 0),
(2900, 1, '2021-11-18 14:26:55', 4.94, 521),
(2901, 1, '2021-11-18 14:32:09', 4.94, 0),
(2902, 1, '2021-11-18 14:37:20', 4.94, 0),
(2903, 1, '2021-11-18 14:42:31', 4.94, 0),
(2904, 1, '2021-11-18 14:47:42', 6, 524),
(2905, 1, '2021-11-18 14:52:53', 4, 525),
(2906, 1, '2021-11-18 14:58:04', 5.01, 0),
(2907, 1, '2021-11-18 15:03:15', 5.01, 523),
(2908, 1, '2021-11-18 15:08:26', 5.01, 0),
(2909, 1, '2021-11-18 15:13:37', 5.01, 0),
(2910, 1, '2021-11-18 15:18:48', 4.94, 530),
(2911, 1, '2021-11-18 15:23:59', 4.94, 2348),
(2912, 1, '2021-11-18 15:29:10', 4.94, 53),
(2913, 1, '2021-11-18 15:34:21', 4.94, 3),
(2914, 1, '2021-11-18 15:39:31', 6, 53),
(2915, 1, '2021-11-18 15:44:42', 4, 53),
(2916, 1, '2021-11-18 15:49:53', 5.01, 3),
(2917, 1, '2021-11-18 15:55:04', 5.01, 53),
(2918, 1, '2021-11-18 16:00:15', 5.01, 540),
(2919, 1, '2021-11-18 16:05:26', 5.01, 53),
(2920, 1, '2021-11-18 16:10:37', 4.94, 53),
(2921, 1, '2021-11-18 16:15:48', 4.94, 53),
(2922, 1, '2021-11-18 16:20:59', 4.94, 53),
(2923, 1, '2021-11-18 16:26:10', 4.94, 515),
(2924, 1, '2021-11-18 16:31:20', 6, 0),
(2925, 1, '2021-11-18 16:36:31', 4, 0),
(2926, 1, '2021-11-18 16:41:42', 5.01, 541),
(2927, 1, '2021-11-18 16:46:53', 5.01, 53),
(2928, 1, '2021-11-18 16:52:04', 5.01, 3),
(2929, 1, '2021-11-18 16:57:15', 5.01, 53),
(2930, 1, '2021-11-18 17:02:26', 4.94, 53),
(2931, 1, '2021-11-18 17:07:37', 4.94, 3),
(2932, 1, '2021-11-18 17:12:48', 4.94, 53),
(2933, 1, '2021-11-18 17:17:59', 4.94, 540),
(2934, 1, '2021-11-18 17:23:10', 6, 53),
(2935, 1, '2021-11-18 17:28:21', 4, 53),
(2936, 1, '2021-11-18 17:33:32', 5.01, 53),
(2937, 1, '2021-11-18 17:38:44', 5.01, 53),
(2938, 1, '2021-11-18 17:43:54', 5.01, 515),
(2939, 1, '2021-11-18 17:49:05', 5.01, 600),
(2940, 1, '2021-11-18 17:54:16', 4.94, 563),
(2941, 1, '2021-11-18 17:59:27', 4.94, 53),
(2942, 1, '2021-11-18 18:04:38', 4.94, 533),
(2943, 1, '2021-11-18 18:09:49', 4.94, 515),
(2944, 1, '2021-11-18 18:15:00', 6, 600),
(2945, 1, '2021-11-18 18:20:11', 4, 563),
(2946, 1, '2021-11-18 18:25:22', 1.88, 53),
(2947, 1, '2021-11-18 18:30:32', 9, 3),
(2948, 1, '2021-11-18 18:35:43', 1.88, 53),
(2949, 1, '2021-11-18 18:40:54', 8, 5),
(2950, 1, '2021-11-18 18:46:05', 1.8, 515),
(2951, 1, '2021-11-18 18:51:16', 1.86, 600),
(2952, 1, '2021-11-18 18:56:27', 1.86, 563);
INSERT INTO `tb_sensor` (`id_sensor`, `id_alat`, `waktu`, `ph`, `moisture`) VALUES
(2953, 1, '2021-11-19 09:41:01', 1.85, 515),
(2954, 1, '2021-11-19 22:59:33', 1, 600),
(2955, 2, '2021-11-19 23:00:33', 8, 563),
(2956, 2, '2021-11-19 23:30:26', 1.82, 1255),
(2957, 2, '2021-11-19 23:38:02', 7, 282),
(2958, 2, '2021-11-19 23:43:12', 8, 284),
(2959, 2, '2021-11-20 00:16:50', 1.81, 87),
(2960, 2, '2021-11-20 00:22:01', 79, 741),
(2961, 2, '2021-11-20 00:27:11', 78, 748),
(2962, 2, '2021-11-20 00:32:22', 1.79, 6),
(2963, 2, '2021-11-20 00:37:33', 1.79, 98),
(2964, 2, '2021-11-20 00:42:44', 1.78, 625),
(2965, 2, '2021-11-20 00:47:55', 1.79, 640),
(2966, 2, '2021-11-20 00:53:06', 1.78, 7),
(2967, 2, '2021-11-20 05:44:30', 1.78, 215),
(2968, 2, '2021-11-20 05:56:04', 1.78, 106),
(2969, 2, '2021-11-20 06:01:25', 1.76, 144),
(2970, 2, '2021-11-20 09:51:41', 1.76, 233),
(2971, 2, '2021-11-20 09:56:52', 1.8, 586),
(2972, 2, '2021-11-20 10:02:29', 1.86, 1020),
(2973, 2, '2021-11-20 10:09:19', 1.86, 1021),
(2974, 2, '2021-11-20 10:17:56', 1.85, 876),
(2975, 2, '2021-11-20 10:23:07', 1, 1020),
(2976, 2, '2021-11-20 10:28:19', 8, 1019),
(2977, 2, '2021-11-20 10:40:31', 1.82, 1018),
(2978, 2, '2021-11-20 10:43:40', 7, 1019),
(2979, 2, '2021-11-20 10:48:56', 8, 1017),
(2980, 2, '2021-11-20 10:54:11', 1.81, 1019),
(2981, 2, '2021-11-20 10:59:22', 8, 1018);

--
-- Indexes for dumped tables
--

--
-- Indexes for table `tb_admin`
--
ALTER TABLE `tb_admin`
  ADD PRIMARY KEY (`id_admin`);

--
-- Indexes for table `tb_alat`
--
ALTER TABLE `tb_alat`
  ADD PRIMARY KEY (`id_alat`);

--
-- Indexes for table `tb_anak`
--
ALTER TABLE `tb_anak`
  ADD PRIMARY KEY (`id`);

--
-- Indexes for table `tb_sensor`
--
ALTER TABLE `tb_sensor`
  ADD PRIMARY KEY (`id_sensor`);

--
-- AUTO_INCREMENT for dumped tables
--

--
-- AUTO_INCREMENT for table `tb_admin`
--
ALTER TABLE `tb_admin`
  MODIFY `id_admin` int(11) NOT NULL AUTO_INCREMENT, AUTO_INCREMENT=2;

--
-- AUTO_INCREMENT for table `tb_alat`
--
ALTER TABLE `tb_alat`
  MODIFY `id_alat` int(11) NOT NULL AUTO_INCREMENT, AUTO_INCREMENT=9;

--
-- AUTO_INCREMENT for table `tb_anak`
--
ALTER TABLE `tb_anak`
  MODIFY `id` int(11) NOT NULL AUTO_INCREMENT, AUTO_INCREMENT=4;

--
-- AUTO_INCREMENT for table `tb_sensor`
--
ALTER TABLE `tb_sensor`
  MODIFY `id_sensor` int(11) NOT NULL AUTO_INCREMENT, AUTO_INCREMENT=2982;
COMMIT;

/*!40101 SET CHARACTER_SET_CLIENT=@OLD_CHARACTER_SET_CLIENT */;
/*!40101 SET CHARACTER_SET_RESULTS=@OLD_CHARACTER_SET_RESULTS */;
/*!40101 SET COLLATION_CONNECTION=@OLD_COLLATION_CONNECTION */;
